{
  "ablation_1_conditioning_zeroout": {
    "baseline_cd_mean": 0.020342352539300917,
    "baseline_cd_std": 0.0036804752506158223,
    "zeroed_cd_mean": 0.032093745693564414,
    "zeroed_cd_std": 0.0026579871797685777,
    "time_s": 24.8
  },
  "ablation_2_timestep_sweep": {
    "t=1": {
      "mean": 0.018212688732892276,
      "std": 0.0034578964341423
    },
    "t=10": {
      "mean": 0.01834123570472002,
      "std": 0.003484163510518981
    },
    "t=50": {
      "mean": 0.01878211136907339,
      "std": 0.003496383491090427
    },
    "t=100": {
      "mean": 0.019244924932718278,
      "std": 0.003534099148217128
    },
    "t=150": {
      "mean": 0.01973719587549567,
      "std": 0.0036062161656522933
    },
    "t=200": {
      "mean": 0.020415054950863123,
      "std": 0.0036139690161176717
    },
    "t=250": {
      "mean": 0.020944056771695613,
      "std": 0.0037657115824177934
    },
    "t=300": {
      "mean": 0.02163014993071556,
      "std": 0.003939164722029227
    },
    "t=400": {
      "mean": 0.023288145381957292,
      "std": 0.004315470208982011
    },
    "t=500": {
      "mean": 0.025361509174108506,
      "std": 0.005025142667000499
    },
    "t=700": {
      "mean": 0.03406263887882233,
      "std": 0.007499236707449234
    },
    "t=999": {
      "mean": 6130721.88,
      "std": 576135.9692657157
    },
    "time_s": 62.1
  },
  "ablation_3_sparse_scaffold": {
    "100%": {
      "mean": 0.02032830346375704,
      "std": 0.0037344691033902744,
      "n_points": 20000
    },
    "50%": {
      "mean": 0.02173698166385293,
      "std": 0.004141313532295288,
      "n_points": 10000
    },
    "25%": {
      "mean": 0.03104369655251503,
      "std": 0.005645888589532248,
      "n_points": 5000
    },
    "10%": {
      "mean": 0.05695184327661991,
      "std": 0.008973927830795942,
      "n_points": 2000
    },
    "5%": {
      "mean": 0.0976138900220394,
      "std": 0.013393162168917548,
      "n_points": 1000
    },
    "1%": {
      "mean": 0.3802568075060844,
      "std": 0.05381878841830655,
      "n_points": 200
    },
    "time_s": 52.6
  },
  "ablation_4_random_scaffold": {
    "gt_scaffold_cd_mean": 0.020331250932067634,
    "gt_scaffold_cd_std": 0.0037240719748086555,
    "random_scaffold_cd_mean": 1022.9586499023437,
    "random_scaffold_cd_std": 112.07364739077522,
    "time_s": 28.3
  },
  "ablation_5_input_density": {
    "100%": {
      "mean": 0.020333453491330148,
      "std": 0.003622803435114751,
      "n_points": 20000
    },
    "75%": {
      "mean": 0.020376841239631176,
      "std": 0.003621131840735212,
      "n_points": 15000
    },
    "50%": {
      "mean": 0.020466599967330693,
      "std": 0.0036764298958737074,
      "n_points": 10000
    },
    "25%": {
      "mean": 0.020466017946600915,
      "std": 0.0036478787504423235,
      "n_points": 5000
    },
    "10%": {
      "mean": 0.020658466331660748,
      "std": 0.0035775561447593768,
      "n_points": 2000
    },
    "time_s": 48.7
  },
  "ablation_6_voxel_grid_scaffold": {
    "res=0.5m": {
      "mean": 880.0272021484375,
      "std": 102.75317742739573,
      "grid_total": 1682226,
      "grid_used": 20000
    },
    "res=1.0m": {
      "mean": 873.2766552734375,
      "std": 102.68068802098014,
      "grid_total": 205716,
      "grid_used": 20000
    },
    "res=2.0m": {
      "mean": 872.97982421875,
      "std": 101.64286600198349,
      "grid_total": 24570,
      "grid_used": 20000
    },
    "time_s": 47.9
  },
  "total_time_s": 264.4,
  "num_frames": 50,
  "checkpoint": "/home/anywherevla/sonata_ws/sonata-workspace-fixed/sonata-workspace/checkpoints/diffusion_v2gt/best_model.pth"
}