{
  "ego_bbox_pm15": {
    "mean": 13.79244765818119,
    "std": 9.66438997143708,
    "n": 50,
    "median": 13.009375095367432
  },
  "ego_bbox_pm20": {
    "mean": 12.57068832397461,
    "std": 8.21540314503811,
    "n": 50,
    "median": 11.453729152679443
  },
  "frustum_30m": {
    "mean": 78.37082102298737,
    "std": 38.97909201510351,
    "n": 40,
    "median": 69.23997497558594
  },
  "gt_bbox_lidar": {
    "mean": 12.232809665203094,
    "std": 8.117646155147671,
    "n": 50,
    "median": 11.403332710266113
  },
  "gt_bbox_lidar_dense": {
    "mean": 12.032662090361118,
    "std": 8.037328428284654,
    "n": 50,
    "median": 11.047502517700195
  },
  "voxel0.10m_ego_pm20": {
    "mean": 12.570427502393722,
    "std": 8.17580016698913,
    "n": 50,
    "median": 11.563130378723145
  }
}