{
  "results": {
    "variant_A": {
      "variant": "A",
      "n_frames": 30,
      "n_frames_valid": 30,
      "init_scaffold_cd_mean": 839.4753275553386,
      "init_scaffold_cd_std": 108.30261873819869,
      "time_s": 242.0,
      "iter1_cd_mean": 855.7937805175782,
      "iter1_cd_std": 112.00476101193377,
      "iter2_cd_mean": 875.1391255696615,
      "iter2_cd_std": 116.2669187383298,
      "iter3_cd_mean": 892.7694417317708,
      "iter3_cd_std": 121.15556560169206,
      "iter5_cd_mean": 931.5226704915365,
      "iter5_cd_std": 130.61053947538053,
      "iter10_cd_mean": 1062.81884765625,
      "iter10_cd_std": 168.3105757143383,
      "per_iter_mean": [
        855.7937805175782,
        875.1391255696615,
        892.7694417317708,
        912.8848164876302,
        931.5226704915365,
        956.8420267740886,
        982.3228108723958,
        1003.5655843098958,
        1033.7854532877604,
        1062.81884765625
      ],
      "per_iter_std": [
        112.00476101193377,
        116.2669187383298,
        121.15556560169206,
        127.21514424424342,
        130.61053947538053,
        138.12843720809875,
        145.76181898104156,
        152.89638269154477,
        159.70946551922904,
        168.3105757143383
      ]
    },
    "variant_B": {
      "variant": "B",
      "n_frames": 30,
      "n_frames_valid": 30,
      "init_scaffold_cd_mean": 842.0815958658854,
      "init_scaffold_cd_std": 110.9454898674511,
      "time_s": 243.8,
      "iter1_cd_mean": 858.2114603678385,
      "iter1_cd_std": 110.35210065812365,
      "iter2_cd_mean": 869.9878499348958,
      "iter2_cd_std": 115.93439822052423,
      "iter3_cd_mean": 879.9811971028646,
      "iter3_cd_std": 119.662881522601,
      "iter5_cd_mean": 900.4887227376302,
      "iter5_cd_std": 124.15713527590674,
      "iter10_cd_mean": 959.0588338216146,
      "iter10_cd_std": 139.0939156839291,
      "per_iter_mean": [
        858.2114603678385,
        869.9878499348958,
        879.9811971028646,
        889.2041442871093,
        900.4887227376302,
        909.9557963053386,
        923.7311014811198,
        934.4928446451823,
        944.7403666178385,
        959.0588338216146
      ],
      "per_iter_std": [
        110.35210065812365,
        115.93439822052423,
        119.662881522601,
        121.21754503487053,
        124.15713527590674,
        126.00800963404829,
        128.88323867704736,
        133.2630607804798,
        135.64123022329647,
        139.0939156839291
      ]
    }
  },
  "num_frames": 30,
  "max_iter": 10,
  "track_iters": [
    1,
    2,
    3,
    5,
    10
  ],
  "init_voxel_res": 0.2,
  "revox_res": 0.05,
  "total_time_s": 485.8,
  "partial": false
}