{
  "results": {
    "gt_jitter_sigma_0.20": {
      "name": "gt_jitter_sigma_0.20",
      "n_frames": 20,
      "n_frames_valid": 20,
      "init_scaffold_cd_mean": 0.03516545826569199,
      "init_scaffold_cd_std": 0.0021668687417495313,
      "time_s": 60.0,
      "per_iter_mean": [
        0.025202570576220752,
        0.023678041715174913,
        0.02721350695937872,
        0.03306174725294113,
        0.04032237259671092
      ],
      "per_iter_std": [
        0.0019514569883293082,
        0.0025370286611142217,
        0.003479211316677448,
        0.004312892322380901,
        0.005715939476722748
      ]
    },
    "gt_dropout_50pct": {
      "name": "gt_dropout_50pct",
      "n_frames": 20,
      "n_frames_valid": 20,
      "init_scaffold_cd_mean": 0.015493873553350569,
      "init_scaffold_cd_std": 0.002839937713424648,
      "time_s": 58.2,
      "per_iter_mean": [
        0.017160892486572266,
        0.02059076465666294,
        0.02537043821066618,
        0.03190291654318571,
        0.038894541654735805
      ],
      "per_iter_std": [
        0.0028345268036854775,
        0.0032101501287001813,
        0.0038360055244879747,
        0.004600445546748465,
        0.005174071309319317
      ]
    },
    "gt_jitter_sigma_0.50": {
      "name": "gt_jitter_sigma_0.50",
      "n_frames": 20,
      "n_frames_valid": 20,
      "init_scaffold_cd_mean": 0.13349503725767137,
      "init_scaffold_cd_std": 0.0025657607891678203,
      "time_s": 60.0,
      "per_iter_mean": [
        0.10673680007457734,
        0.09653852581977844,
        0.09568013809621334,
        0.09958197064697742,
        0.10486888363957406
      ],
      "per_iter_std": [
        0.003258156295157908,
        0.003987368654853698,
        0.004500306616256953,
        0.004843921837539475,
        0.005380657679008225
      ]
    },
    "voxel_cropped_0.2m_bbox_margin_1.0m": {
      "name": "voxel_cropped_0.2m_bbox_margin_1.0m",
      "n_frames": 20,
      "n_frames_valid": 20,
      "init_scaffold_cd_mean": 3.4740687727928163,
      "init_scaffold_cd_std": 0.1353395987188635,
      "time_s": 65.7,
      "per_iter_mean": [
        3.4298622846603393,
        3.405504381656647,
        3.4089294910430907,
        3.4198716402053835,
        3.445157992839813
      ],
      "per_iter_std": [
        0.12143463367678825,
        0.1217940277462652,
        0.12278656980185665,
        0.12801132100466553,
        0.11320365538807975
      ]
    }
  },
  "num_frames": 20,
  "max_iter": 5,
  "revox_res": 0.05,
  "total_time_s": 243.9,
  "partial": false
}