{
  "gpu": "NVIDIA GeForce RTX 4090",
  "n_frames": 20,
  "n_warmup": 3,
  "configs": {
    "input_1k": {
      "label": "input_1k",
      "input_size": 1000,
      "target_size": 20000,
      "n_samples": 20,
      "full_mean_s": 0.11713347446639091,
      "full_std_s": 0.0009213836070924924,
      "full_median_s": 0.11726386146619916,
      "full_min_s": 0.11546059092506766,
      "full_fps": 8.537269167123782,
      "encoder_mean_s": 0.04256540363421664,
      "encoder_fps": 23.493257777923187,
      "denoiser_mean_s": 0.07052749020513147,
      "denoiser_fps": 14.178868368794465
    },
    "input_5k": {
      "label": "input_5k",
      "input_size": 5000,
      "target_size": 20000,
      "n_samples": 20,
      "full_mean_s": 0.13719471199437977,
      "full_std_s": 0.001199579156453717,
      "full_median_s": 0.13743868947494775,
      "full_min_s": 0.13526137289591134,
      "full_fps": 7.2889106691004635,
      "encoder_mean_s": 0.06109231121372431,
      "encoder_fps": 16.368671934862913,
      "denoiser_mean_s": 0.07006542632589116,
      "denoiser_fps": 14.27237444254973
    },
    "input_10k": {
      "label": "input_10k",
      "input_size": 10000,
      "target_size": 20000,
      "n_samples": 20,
      "full_mean_s": 0.16182925993343816,
      "full_std_s": 0.0010866502203520105,
      "full_median_s": 0.1616349705727771,
      "full_min_s": 0.16004410898312926,
      "full_fps": 6.179352240820412,
      "encoder_mean_s": 0.08360631298273802,
      "encoder_fps": 11.960819276966172,
      "denoiser_mean_s": 0.0699022677144967,
      "denoiser_fps": 14.305687536265934
    },
    "input_20k": {
      "label": "input_20k",
      "input_size": 20000,
      "target_size": 20000,
      "n_samples": 20,
      "full_mean_s": 0.2087335337069817,
      "full_std_s": 0.0016266846432675239,
      "full_median_s": 0.20872229151427746,
      "full_min_s": 0.2062127881217748,
      "full_fps": 4.7907970618836515,
      "encoder_mean_s": 0.12859233940253034,
      "encoder_fps": 7.776513007277343,
      "denoiser_mean_s": 0.07017234951490536,
      "denoiser_fps": 14.250627304243094
    },
    "target_5k": {
      "label": "target_5k",
      "input_size": 20000,
      "target_size": 5000,
      "n_samples": 20,
      "full_mean_s": 0.14060905231162907,
      "full_std_s": 0.0011413171061031451,
      "full_median_s": 0.1404948428971693,
      "full_min_s": 0.1390078489203006,
      "full_fps": 7.1119176437070335,
      "encoder_mean_s": 0.12773573169251903,
      "encoder_fps": 7.82866302756354,
      "denoiser_mean_s": 0.007692981779109686,
      "denoiser_fps": 129.98860893126027
    },
    "target_10k": {
      "label": "target_10k",
      "input_size": 20000,
      "target_size": 10000,
      "n_samples": 20,
      "full_mean_s": 0.15502543856855483,
      "full_std_s": 0.0010576571204658168,
      "full_median_s": 0.15464072802569717,
      "full_min_s": 0.15362311690114439,
      "full_fps": 6.450554239572645,
      "encoder_mean_s": 0.12784235626459123,
      "encoder_fps": 7.822133674776238,
      "denoiser_mean_s": 0.020541790442075582,
      "denoiser_fps": 48.681248249505465
    },
    "default": {
      "label": "default",
      "input_size": 20000,
      "target_size": 20000,
      "n_samples": 20,
      "full_mean_s": 0.20913648449350147,
      "full_std_s": 0.0017538020191585398,
      "full_median_s": 0.20856310392264277,
      "full_min_s": 0.20693013817071915,
      "full_fps": 4.78156646087772,
      "encoder_mean_s": 0.1288821252877824,
      "encoder_fps": 7.759027854072769,
      "denoiser_mean_s": 0.07022851334186271,
      "denoiser_fps": 14.239230654536826
    }
  },
  "published_comparison": {
    "ours_default_s": 0.20913648449350147,
    "ours_default_fps": 4.78156646087772,
    "speedup_vs_LiDiff_CVPR2024": 143.4469938263316,
    "speedup_vs_ScoreLiDAR_ICCV2025": 25.677011894913356,
    "speedup_vs_LiNeXt_2025": 0.7985215989665793
  },
  "published_times_s": {
    "LiDiff_CVPR2024": 30.0,
    "ScoreLiDAR_ICCV2025": 5.37,
    "LiNeXt_2025": 0.167
  },
  "total_time_s": 63.7
}